<?xml version="1.0" encoding="utf-8" ?>
<translations>

<en-GB>
<name>Gallery</name>

<note>Please select one of the below options.</note>
<none>None selected</none>

<players>Players from team</players>
<stads>Team stadiums</stads>
<coaches>Coaches</coaches>

<playersof>Players of</playersof>
</en-GB>

<es-ES>
<name>Galería</name>

<note>Por favor, escoge una de las opciones de abajo.</note>
<none>Nada seleccionado</none>

<players>Jugadores del equipo</players>
<stads>Estadios de los equipos</stads>
<coaches>Entrenadores</coaches>

<playersof>Jugadores de</playersof>

</es-ES>

<fr-FR>
<name>Galerie</name>

<note>S&amp;eacute;lectionner une des options ci-dessus.</note>
<none>Aucune s&amp;eacute;lection</none>

<players>Joueurs de l'&amp;eacute;quipe</players>
<stads>Stades d'&amp;eacute;quipe</stads>
<coaches>Coachs</coaches>

<playersof>Joueurs de </playersof>
</fr-FR>
</translations>
