<?xml version="1.0" encoding="utf-8" ?>
<translations>
<en-GB>

<name>Cemetery</name>

<player>Player</player>
<submit>Submit</submit>
<edit>Edit</edit>
<del>Delete</del>
<posted>Posted</posted>
<died>Died</died>
<after>after</after>
<days>days</days>

<g_title>Title</g_title>
<g_about>About</g_about>

<title><![CDATA[Obituary title. Can be left blank.]]></title>
<about><![CDATA[About the player's death. Achievements? Remembered for?]]></about>

</en-GB>

<es-ES>

<name>Cementerio</name>

<player>Player</player>
<submit>Enviar</submit>
<edit>Editar</edit>
<del>Borrar</del>
<posted>Enviado</posted>
<died>Muerto</died>
<after>tras</after>
<days>días</days>

<g_title>Título</g_title>
<g_about>Acerca de</g_about>

<title><![CDATA[Título del obituario. Puede dejarse en blanco.]]></title>
<about><![CDATA[Sobre la muerte del jugador. ¿Logros? ¿Por qué será recordado?]]></about>

</es-ES>
</translations>